Pclass,Survived,n,Percentage
1,FALSE,80,37.03703703703704
1,TRUE,136,62.96296296296296
2,FALSE,97,52.71739130434783
2,TRUE,87,47.28260869565217
3,FALSE,372,75.76374745417516
3,TRUE,119,24.236252545824847
