,Pclass,Survived,Count,Percent
0,1,True,136,62.96296296296296
1,1,False,80,37.03703703703704
2,2,False,97,52.71739130434783
3,2,True,87,47.28260869565217
4,3,False,372,75.76374745417516
5,3,True,119,24.236252545824847
